
Robert Downy Jr., Roll#3,11/Nov/2020, 15:40:51
Tom Cruise, Roll#4,11/Nov/2020, 15:40:51
Tobey Maguire, Roll#2,11/Nov/2020, 15:40:52
Tom Holland, Roll#5,11/Nov/2020, 15:40:57
Elon Musk, Roll#1,11/Nov/2020, 15:41:00
Unknown, Not Found,11/Nov/2020, 15:41:01
Unknown, Not Found,11/Nov/2020, 15:41:01
Robert Downy Jr., Roll#3,11/Nov/2020, 15:50:56
Tom Cruise, Roll#4,11/Nov/2020, 15:50:56
Tobey Maguire, Roll#2,11/Nov/2020, 15:50:56
Tom Holland, Roll#5,11/Nov/2020, 15:51:02
Elon Musk, Roll#1,11/Nov/2020, 15:51:05
Unknown, Not Found,11/Nov/2020, 15:51:05
Unknown, Not Found,11/Nov/2020, 15:51:05